호선,역명,형식,길이(M),층수,면적(㎡),준공년도
1,서울,섬식,210,B2,"10,805.00",1974
1,시청,상대식,210,B2,"11,317.00",1974
1,종각,상대식,210,B2,"10,410.20",1974
1,종로3가,상대식,210,B2,"9,311.00",1974
1,종로5가,상대식,210,B2,"10,465.00",1974
1,동대문,상대식,210,B2,"5,490.00",1974
1,동묘앞,상대식,210,5FB2,"7,031.70",2005
1,신설동,상대식,210,B2,"7,240.00",1974
1,제기동,상대식,210,B2,"8,662.00",1974
1,청량리,섬식,210,B2,"7,125.00",1974
2,시청,섬식,205,B3,"12,561.00",1984
2,을지로입구,상대식,205,B2,"10,408.70",1983
2,을지로3가,상대식,205,B2,"8,181.00",1983
2,을지로4가,상대식,205,B2,"6,622.00",1983
2,동대문역사문화공원,상대식,205,B2,"6,540.00",1983
2,신당,상대식,205,B2,"5,762.00",1983
2,상왕십리,상대식,205,B2,"7,023.00",1983
2,왕십리,상대식,205,B2,"9,877.00",1983
2,한양대,상대식,205,2F,"5,974.00",1983
2,뚝섬,상대식,205,3F,"8,384.00",1983
2,성수,복합식,205,3F,"10,045.00",1980
2,건대입구,상대식,205,3F,"6,543.00",1980
2,구의,상대식,205,3F,"5,584.00",1980
2,강변,상대식,205,2F,"5,077.00",1980
2,잠실나루,상대식,205,2F,"4,691.00",1980
2,잠실,상대식,205,B2,"10,332.00",1980
2,잠실새내,상대식,205,B2,"7,573.00",1980
2,종합운동장,상대식,205,B2,"18,506.00",1980
2,삼성,섬식,205,B2,"6,447.00",1982
2,선릉,상대식,205,B2,"7,396.00",1982
2,역삼,상대식,205,B3,"8,352.90",1982
2,강남,상대식,205,B2,"6,392.00",1982
2,교대,상대식,205,B2,"9,312.00",1982
2,서초,상대식,205,B2,"8,655.00",1983
2,방배,상대식,205,B2,"5,951.00",1983
2,사당,상대식,205,B2,"13,006.00",1983
2,낙성대,상대식,205,B2,"6,502.00",1983
2,서울대입구,섬식,205,B2,"6,429.00",1983
2,봉천,섬식,205,B2,"5,234.00",1984
2,신림,섬식,205,B2,"7,190.00",1984
2,신대방,상대식,205,3F,"5,821.00",1984
2,구로디지털단지,상대식,205,3F,"5,754.00",1984
2,대림,상대식,205,3F,"6,478.00",1984
2,신도림,복합식,205,B2,"19,246.00",1984
2,문래,상대식,205,B2,"6,213.00",1984
2,영등포구청,상대식,205,B2,"7,737.00",1984
2,당산,상대식,205,3F,"6,385.00",1984
2,합정,상대식,205,B2,"13,008.00",1984
2,홍대입구,섬식,205,B2,"7,721.00",1984
2,신촌,상대식,205,B2,"7,620.00",1984
2,이대,섬식,205,B2,"7,436.00",1984
2,아현,상대식,205,B2,"6,467.00",1984
2,충정로,섬식,205,B3,"7,564.00",1984
2,용답,상대식,130,2F,"1,423.00",1980
2,신답,상대식,130,1F,"2,203.00",1980
2,용두,상대식,90,B1,"6,090.00",2005
2,신설동,상대식,205,B2,"4,952.40",1980
2,도림천,상대식,165,2FB3,"4,496.90",1992
2,양천구청,상대식,165,B2,"5,103.00",1992
2,신정네거리,상대식,165,B3,"6,860.90",1996
3,지축,섬식,205,2F,"1,583.00",1990
3,구파발,섬식,205,B2,"5,442.00",1985
3,연신내,섬식,205,B2,"6,906.00",1985
3,불광,상대식,205,B2,"6,956.00",1985
3,녹번,섬식,205,B2,"6,439.00",1985
3,홍제,섬식,205,B3,"9,825.00",1985
3,무악재,상대식,205,B3,"6,658.80",1985
3,독립문,섬식,205,B3,"5,294.30",1985
3,경복궁,섬식,205,B3,"12,700.20",1985
3,안국,섬식,205,B3,"11,076.60",1985
3,종로3가,섬식,205,B4,"14,829.90",1985
3,을지로3가,섬식,205,B3,"9,958.00",1985
3,충무로,섬식,205,B4,"3,860.00",1985
3,동대입구,섬식,205,B3,"8,945.80",1985
3,약수,섬식,205,B2,"7,460.50",1985
3,금호,섬식,205,B2,"6,086.00",1985
3,옥수,상대식,205,4F,"11,517.50",1985
3,압구정,상대식,205,B2,"7,775.00",1985
3,신사,상대식,205,B2,"7,159.00",1985
3,잠원,상대식,205,B2,"5,875.00",1985
3,고속터미널,상대식,205,B3,"17,268.90",1985
3,교대,섬식,205,B3,"9,927.90",1985
3,남부터미널,상대식,205,B3,"14,336.50",1985
3,양재,상대식,205,B2,"6,996.00",1985
3,매봉,상대식,205,B2,"7,321.00",1993
3,도곡,상대식,205,B4,"12,895.80",1993
3,대치,섬식,205,B4,"8,138.30",1993
3,학여울,상대식,205,1FB5,"28,768.40",1993
3,대청,상대식,205,B3,"9,540.50",1993
3,일원,상대식,205,B3,"10,573.00",1993
3,수서,복합식,205,B2,"9,025.00",1993
3,가락시장,상대식,205,B4,"16,066.00",2010
3,경찰병원,상대식,205,B3,"9,801.10",2010
3,오금,상대식,205,B4,"13,739.50",2010
4,당고개,상대식,205,3F,"9,165.40",1993
4,상계,상대식,205,3F,"6,650.20",1985
4,노원,상대식,205,3F,"6,639.00",1985
4,창동,상대식,205,3F,"8,133.90",1985
4,쌍문,상대식,205,B2,"7,466.00",1985
4,수유,상대식,205,B2,"6,994.00",1985
4,미아,상대식,205,B2,"6,367.00",1985
4,미아사거리,상대식,205,B2,"8,433.00",1985
4,길음,섬식,205,B2,"6,765.00",1985
4,성신여대입구,상대식,205,B2,"7,816.00",1985
4,한성대입구,섬식,205,B2,"5,913.00",1985
4,혜화,상대식,205,B2,"6,039.00",1985
4,동대문,섬식,205,B4,"8,218.30",1985
4,동대문역사문화공원,섬식,205,B3,"14,688.80",1985
4,충무로,상대식,205,B3,"12,930.30",1985
4,명동,섬식,205,B4,"7,820.40",1985
4,회현,섬식,205,B4,"12,024.80",1985
4,서울,섬식,205,B2,"9,564.00",1985
4,숙대입구,상대식,205,B2,"7,027.00",1985
4,삼각지,상대식,205,B2,"9,164.00",1985
4,신용산,상대식,205,B2,"6,439.00",1985
4,이촌,상대식,205,B2,"7,523.00",1985
4,동작,상대식,205,3F,"10,536.20",1985
4,총신대입구,상대식,205,B2,"8,719.00",1985
4,사당,섬식,205,B3,"10,637.00",1985
4,남태령,섬식,205,B3,"6,086.00",1994
5,방화,복합식,165,B2,"7,402.70",1996
5,개화산,상대식,165,2FB2,"7,846.80",1996
5,김포공항,상대식,165,B3,"11,008.50",1996
5,송정,상대식,165,B3,"6,515.20",1996
5,마곡,상대식,165,B2,"6,763.90",1996
5,발산,상대식,165,B2,"6,807.60",1996
5,우장산,상대식,165,B2,"5,624.70",1996
5,화곡,섬식,165,B2,"9,127.70",1996
5,까치산,상대식,165,B5,"7,868.90",1996
5,신정,상대식,165,B3,"6,415.40",1996
5,목동,상대식,165,B2,"7,392.70",1996
5,오목교,상대식,165,B3,"12,405.20",1996
5,양평,상대식,165,B5,"9,761.00",1996
5,영등포구청,상대식,165,B5,"23,052.80",1996
5,영등포시장,상대식,165,B6,"13,407.20",1996
5,신길,상대식,165,B4,"11,574.80",1996
5,여의도,상대식,165,B4,"12,889.60",1996
5,여의나루,섬식,165,B5,"10,598.90",1997
5,마포,섬식,165,B5,"8,193.40",1997
5,공덕,섬식,165,B3,"11,380.10",1997
5,애오개,상대식,165,B4,"7,329.70",1997
5,충정로,섬식,165,B5,"11,414.70",1997
5,서대문,섬식,165,B4,"7,897.00",1997
5,광화문,섬식,165,B4,"10,051.30",1997
5,종로3가,섬식,165,B5,"9,188.00",1997
5,을지로4가,섬식,165,B5,"11,492.70",1996
5,동대문역사문화공원,섬식,165,B5,"9,136.70",1996
5,청구,섬식,165,B4,"5,928.40",1996
5,신금호,섬식,165,B8,"8,676.90",1996
5,행당,상대식,165,B5,"8,931.30",1997
5,왕십리,상대식,165,B5,"16,106.40",1995
5,마장,상대식,165,B3,"7,123.50",1995
5,답십리,상대식,165,B3,"7,858.30",1995
5,장한평,섬식,165,B3,"8,453.10",1995
5,군자,섬식,165,B3,"10,081.30",1995
5,아차산,상대식,165,B3,"6,654.20",1995
5,광나루,상대식,165,B3,"7,995.90",1995
5,천호,상대식,165,B3,"13,187.90",1995
5,강동,복합식,165,B4,"18,984.60",1995
5,길동,상대식,165,B3,"5,006.30",1995
5,굽은다리,상대식,165,B2,"4,838.60",1995
5,명일,상대식,165,B2,"5,090.30",1997
5,고덕,상대식,165,B2,"6,288.10",1996
5,상일동,복합식,165,B2,"8,237.80",1995
5,강일,상대식,165,B3,"10,179.20",2022
5,미사,상대식,165,B2,"14,021.60",2020
5,하남풍산,상대식,165,B2,"8,885.80",2020
5,하남시청,상대식,165,B2,"9,194.90",2021
5,하남검단산,상대식,165,B3,"12,461.40",2021
5,둔촌동,상대식,165,B2,"5,342.40",1996
5,올림픽공원,상대식,165,B3,"7,889.90",1996
5,방이,상대식,165,B2,"5,789.40",1996
5,오금,상대식,165,B2,"7,667.00",1996
5,개롱,상대식,165,B2,"6,440.20",1996
5,거여,상대식,165,B3,"6,554.10",1996
5,마천,상대식,165,B4,"5,935.90",1996
6,응암,섬식,165,B3,"8,150.90",2001
6,역촌,상대식,165,B4,"6,518.70",2001
6,불광,상대식,165,B5,"8,109.50",2001
6,독바위,상대식,165,B6,"5,530.70",2001
6,연신내,상대식,165,B5,"8,420.50",2001
6,구산,상대식,165,B4,"4,844.80",2001
6,새절,복합식,165,B2,"6,990.20",2001
6,증산,상대식,165,B2,"5,723.10",2001
6,디지털미디어시티,상대식,165,1FB2,"11,066.20",2002
6,월드컵경기장,상대식,165,B3,"12,286.20",2001
6,마포구청,상대식,165,B3,"8,423.60",2001
6,망원,상대식,165,B2,"5,520.80",2001
6,합정,상대식,165,B4,"11,229.50",2001
6,상수,섬식,165,B3,"6,193.80",2001
6,광흥창,섬식,165,B3,"7,675.70",2001
6,대흥,섬식,165,B3,"9,147.50",2001
6,공덕,상대식,165,B3,"11,098.90",2001
6,효창공원앞,섬식,165,B3,"6,793.80",2001
6,삼각지,섬식,165,B4,"14,457.40",2001
6,녹사평,섬식,165,B5,"10,677.60",2001
6,이태원,섬식,165,B5,"7,799.20",2001
6,한강진,상대식,165,B4,"9,495.30",2001
6,버티고개,상대식,165,B4,"6,278.80",2001
6,약수,상대식,165,B3,"9,093.30",2001
6,청구,상대식,165,B3,"5,805.90",2001
6,신당,섬식,165,B3,"18,195.20",2001
6,동묘앞,섬식,165,B3,"14,000.60",2001
6,창신,섬식,165,B4,"7,085.20",2001
6,보문,섬식,165,B3,"6,587.60",2001
6,안암,상대식,165,B3,"8,300.80",2001
6,고려대,상대식,165,B4,"9,869.30",2001
6,월곡,상대식,165,B3,"6,545.90",2001
6,상월곡,복합식,165,B3,"9,528.70",2001
6,돌곶이,상대식,165,B2,"6,434.80",2001
6,석계,상대식,165,1FB3,"12,830.60",2001
6,태릉입구,상대식,165,B3,"10,931.70",2000
6,화랑대,상대식,165,B2,"10,107.20",2000
6,봉화산,복합식,165,B2,"9,799.80",2000
6,신내,상대식,165,2FB1,"1,069.50",2019
7,장암,상대식,165,2F,"1,503.10",1997
7,도봉산,상대식,165,2F,"6,971.00",1996
7,수락산,복합식,165,B3,"10,488.20",1997
7,마들,섬식,165,B3,"9,595.60",1996
7,노원,섬식,165,1FB3,"13,446.10",1996
7,중계,섬식,165,B3,"9,146.30",1996
7,하계,섬식,165,B3,"9,222.10",1996
7,공릉,상대식,165,B4,"8,554.60",1996
7,태릉입구,상대식,165,B4,"15,318.60",1996
7,먹골,상대식,165,B3,"9,265.70",1996
7,중화,상대식,165,B3,"8,929.70",1996
7,상봉,상대식,165,B3,"9,007.00",1997
7,면목,상대식,165,B4,"8,621.00",1997
7,사가정,상대식,165,B4,"8,149.00",1996
7,용마산,상대식,165,B4,"8,266.00",1996
7,중곡,상대식,165,B3,"5,923.50",1996
7,군자,상대식,165,B3,"7,953.50",1996
7,어린이대공원,상대식,165,B3,"9,679.30",1996
7,건대입구,상대식,165,B3,"11,067.50",1997
7,뚝섬유원지,상대식,165,3F,"5,768.10",2001
7,청담,복합식,165,B4,"20,302.80",2001
7,강남구청,상대식,165,B3,"10,359.30",2001
7,학동,상대식,165,B3,"9,293.10",2001
7,논현,상대식,165,B3,"11,834.60",2001
7,반포,상대식,165,B3,"12,401.80",2001
7,고속터미널,상대식,165,B3,"12,911.00",2001
7,내방,상대식,165,B3,"9,963.90",2000
7,이수,상대식,165,B4,"18,812.70",2000
7,남성,상대식,165,B3,"8,852.20",2000
7,숭실대입구,상대식,165,B6,"9,358.40",2000
7,상도,상대식,165,B3,"8,419.00",2000
7,장승배기,상대식,165,B3,"9,111.60",2000
7,신대방삼거리,상대식,165,B3,"8,732.30",2000
7,보라매,섬식,165,B2,"8,423.10",2000
7,신풍,상대식,165,B2,"7,927.20",2000
7,대림,상대식,165,B2,"9,357.50",2000
7,남구로,상대식,165,B5,"9,854.40",2000
7,가산디지털단지,상대식,165,B4,"12,551.50",2000
7,철산,상대식,165,B2,"7,406.20",2000
7,광명사거리,복합식,165,B3,"8,713.60",2000
7,천왕,상대식,165,B2,"11,025.80",2000
7,온수,복합식,165,B2,"18,459.40",2000
8,암사,상대식,125,B2,"4,887.40",1999
8,천호,상대식,125,B2,"5,137.50",1999
8,강동구청,상대식,125,B3,"5,613.20",1999
8,몽촌토성,상대식,125,B3,"7,414.70",1999
8,잠실,상대식,125,B3,"15,695.30",1997
8,석촌,상대식,125,B2,"6,991.20",1997
8,송파,상대식,125,B2,"5,079.20",1996
8,가락시장,상대식,125,B2,"7,728.10",1996
8,문정,상대식,125,B2,"5,194.00",1997
8,장지,상대식,125,B2,"5,727.90",1997
8,복정,섬식,125,B2,"6,585.90",1997
8,남위례,상대식,125,B2,"4,177.50",2021
8,산성,상대식,125,B4,"6,526.60",1997
8,남한산성입구,상대식,125,B3,"5,412.30",1997
8,단대오거리,상대식,125,B3,"8,133.20",1997
8,신흥,상대식,125,B2,"4,861.60",1997
8,수진,상대식,125,B2,"5,067.30",1997
8,모란,상대식,125,B3,"9,918.80",1997
